,title,min_salary,max_salary,currency,href,site
0,Python Developer,2500,4500,USD,https://saratov.hh.ru/vacancy/52558321?from=vacancy_search_list&hhtmFrom=vacancy_search_list&query=Python%20junior,HeadHunter
1,Junior Python разработчик,40000,100000,руб.,https://saratov.hh.ru/vacancy/52377613?from=vacancy_search_list&hhtmFrom=vacancy_search_list&query=Python%20junior,HeadHunter
2,Junior разработчик Python Django,40000,80000,руб.,https://saratov.hh.ru/vacancy/52203762?from=vacancy_search_list&hhtmFrom=vacancy_search_list&query=Python%20junior,HeadHunter
3,Junior Data Engineer (Python),150000,190000,руб.,https://saratov.hh.ru/vacancy/50637406?from=vacancy_search_list&hhtmFrom=vacancy_search_list&query=Python%20junior,HeadHunter
4,"Разработчик backend (Python), junior/middle",150000,NaN,руб.,https://saratov.hh.ru/vacancy/52609171?from=vacancy_search_list&hhtmFrom=vacancy_search_list&query=Python%20junior,HeadHunter
5,Junior Data Engineer,150000,NaN,руб.,https://saratov.hh.ru/vacancy/52693378?from=vacancy_search_list&hhtmFrom=vacancy_search_list&query=Python%20junior,HeadHunter
6,Junior Python Developer,NaN,80000,руб.,https://saratov.hh.ru/vacancy/52348563?from=vacancy_search_list&hhtmFrom=vacancy_search_list&query=Python%20junior,HeadHunter
7,Junior Python Programmer (стажер),NaN,NaN,NaN,https://saratov.hh.ru/vacancy/51507534?from=vacancy_search_list&hhtmFrom=vacancy_search_list&query=Python%20junior,HeadHunter
8,Python-разработчик,30000,60000,руб.,https://saratov.hh.ru/vacancy/52820877?from=vacancy_search_list&hhtmFrom=vacancy_search_list&query=Python%20junior,HeadHunter
9,Junior Python developer (в Сочи),65000,NaN,руб.,https://saratov.hh.ru/vacancy/47110879?from=vacancy_search_list&hhtmFrom=vacancy_search_list&query=Python%20junior,HeadHunter
10,Junior Backend-разработчик (Python),50000,NaN,руб.,https://saratov.hh.ru/vacancy/52087160?from=vacancy_search_list&hhtmFrom=vacancy_search_list&query=Python%20junior,HeadHunter
11,"Python-разработчик (Django, DRF)",60000,150000,руб.,https://saratov.hh.ru/vacancy/39736489?from=vacancy_search_list&hhtmFrom=vacancy_search_list&query=Python%20junior,HeadHunter
12,Младший программист / Junior Developer in QA,80000,120000,руб.,https://saratov.hh.ru/vacancy/42015411?from=vacancy_search_list&hhtmFrom=vacancy_search_list&query=Python%20junior,HeadHunter
13,Junior Data Scientist (Специалист по анализу данных),NaN,NaN,NaN,https://saratov.hh.ru/vacancy/52615958?from=vacancy_search_list&hhtmFrom=vacancy_search_list&query=Python%20junior,HeadHunter
14,Junior Python Developer (стажер),NaN,NaN,NaN,https://saratov.hh.ru/vacancy/52682945?from=vacancy_search_list&hhtmFrom=vacancy_search_list&query=Python%20junior,HeadHunter
15,Strong Junior / Middle+ Python Developer,1000,4000,USD,https://saratov.hh.ru/vacancy/52546671?from=vacancy_search_list&hhtmFrom=vacancy_search_list&query=Python%20junior,HeadHunter
16,Python developer / Junior ML engineer,NaN,NaN,NaN,https://saratov.hh.ru/vacancy/52665206?from=vacancy_search_list&hhtmFrom=vacancy_search_list&query=Python%20junior,HeadHunter
17,Junior Python developer,50000,90000,руб.,https://saratov.hh.ru/vacancy/51697031?from=vacancy_search_list&hhtmFrom=vacancy_search_list&query=Python%20junior,HeadHunter
18,Back-End разработчик Python (junior/middle),NaN,NaN,NaN,https://saratov.hh.ru/vacancy/52481862?from=vacancy_search_list&hhtmFrom=vacancy_search_list&query=Python%20junior,HeadHunter
19,Junior/Middle Quantitative Researcher,130000,180000,руб.,https://saratov.hh.ru/vacancy/52011740?from=vacancy_search_list&hhtmFrom=vacancy_search_list&query=Python%20junior,HeadHunter
20,Junior pentester / Младший специалист по тестированию на проникновение,NaN,NaN,NaN,https://saratov.hh.ru/vacancy/51896015?from=vacancy_search_list&hhtmFrom=vacancy_search_list&query=Python%20junior,HeadHunter
21,Junior Developer,NaN,NaN,NaN,https://saratov.hh.ru/vacancy/52789424?from=vacancy_search_list&hhtmFrom=vacancy_search_list&query=Python%20junior,HeadHunter
22,Backend-разработчик (junior),50000,NaN,руб.,https://saratov.hh.ru/vacancy/52655047?from=vacancy_search_list&hhtmFrom=vacancy_search_list&query=Python%20junior,HeadHunter
23,Младший специалист (аналитик/разработчик),NaN,NaN,NaN,https://saratov.hh.ru/vacancy/52122871?from=vacancy_search_list&hhtmFrom=vacancy_search_list&query=Python%20junior,HeadHunter
24,Computer Vision Engineer (junior/intern),NaN,NaN,NaN,https://saratov.hh.ru/vacancy/52200889?from=vacancy_search_list&hhtmFrom=vacancy_search_list&query=Python%20junior,HeadHunter
25,Junior HFT Quant Trader / Data Scientist Orion Systematic AG,100000,200000,руб.,https://saratov.hh.ru/vacancy/52212010?from=vacancy_search_list&hhtmFrom=vacancy_search_list&query=Python%20junior,HeadHunter
26,Python-розробник (Strong Junior),NaN,NaN,NaN,https://saratov.hh.ru/vacancy/52670232?from=vacancy_search_list&hhtmFrom=vacancy_search_list&query=Python%20junior,HeadHunter
27,Разработчик ботов (Python & JS),NaN,NaN,NaN,https://saratov.hh.ru/vacancy/50362214?from=vacancy_search_list&hhtmFrom=vacancy_search_list&query=Python%20junior,HeadHunter
28,Product/Data Analyst (Junior),NaN,1000,USD,https://saratov.hh.ru/vacancy/51710402?from=vacancy_search_list&hhtmFrom=vacancy_search_list&query=Python%20junior,HeadHunter
29,RTL-разработчик (Junior),70000,110000,руб.,https://saratov.hh.ru/vacancy/47762287?from=vacancy_search_list&hhtmFrom=vacancy_search_list&query=Python%20junior,HeadHunter
30,Junior Backend-разработчик,30000,60000,руб.,https://saratov.hh.ru/vacancy/50144902?from=vacancy_search_list&hhtmFrom=vacancy_search_list&query=Python%20junior,HeadHunter
31,Product/Data Analyst (Junior),NaN,1000,USD,https://saratov.hh.ru/vacancy/51710404?from=vacancy_search_list&hhtmFrom=vacancy_search_list&query=Python%20junior,HeadHunter
32,Junior разработчик Ruby on Rails,40000,80000,руб.,https://saratov.hh.ru/vacancy/52202938?from=vacancy_search_list&hhtmFrom=vacancy_search_list&query=Python%20junior,HeadHunter
33,Junior программист С#,80000,100000,руб.,https://saratov.hh.ru/vacancy/51702381?from=vacancy_search_list&hhtmFrom=vacancy_search_list&query=Python%20junior,HeadHunter
34,Product/Data Analyst (Junior),NaN,1000,USD,https://saratov.hh.ru/vacancy/51710407?from=vacancy_search_list&hhtmFrom=vacancy_search_list&query=Python%20junior,HeadHunter
35,Product/Data Analyst (Junior),NaN,1000,USD,https://saratov.hh.ru/vacancy/51710411?from=vacancy_search_list&hhtmFrom=vacancy_search_list&query=Python%20junior,HeadHunter
36,BI-аналитик (Junior),NaN,NaN,NaN,https://saratov.hh.ru/vacancy/52227801?from=vacancy_search_list&hhtmFrom=vacancy_search_list&query=Python%20junior,HeadHunter
37,Junior Python разработчик,50000,NaN,руб.,https://saratov.hh.ru/vacancy/52512953?from=vacancy_search_list&hhtmFrom=vacancy_search_list&query=Python%20junior,HeadHunter
38,Junior Data engineer,NaN,NaN,NaN,https://saratov.hh.ru/vacancy/52691071?from=vacancy_search_list&hhtmFrom=vacancy_search_list&query=Python%20junior,HeadHunter
39,Junior Data Engineer,NaN,NaN,NaN,https://saratov.hh.ru/vacancy/52599718?from=vacancy_search_list&hhtmFrom=vacancy_search_list&query=Python%20junior,HeadHunter
40,Разработчик,30000,NaN,руб.,https://saratov.hh.ru/vacancy/52568882?from=vacancy_search_list&hhtmFrom=vacancy_search_list&query=Python%20junior,HeadHunter
41,Junior Analyst,NaN,NaN,NaN,https://saratov.hh.ru/vacancy/49510498?from=vacancy_search_list&hhtmFrom=vacancy_search_list&query=Python%20junior,HeadHunter
42,RTL-разработчик (Junior),70000,110000,руб.,https://saratov.hh.ru/vacancy/52470053?from=vacancy_search_list&hhtmFrom=vacancy_search_list&query=Python%20junior,HeadHunter
43,Младший инженер-программист (Стажер),NaN,NaN,NaN,https://saratov.hh.ru/vacancy/51076323?from=vacancy_search_list&hhtmFrom=vacancy_search_list&query=Python%20junior,HeadHunter
44,Junior Data Scientist,NaN,NaN,NaN,https://saratov.hh.ru/vacancy/52396407?from=vacancy_search_list&hhtmFrom=vacancy_search_list&query=Python%20junior,HeadHunter
45,Junior Node Developer,500,NaN,USD,https://saratov.hh.ru/vacancy/51926417?from=vacancy_search_list&hhtmFrom=vacancy_search_list&query=Python%20junior,HeadHunter
46,Bi Analyst (Junior),NaN,NaN,NaN,https://saratov.hh.ru/vacancy/52819002?from=vacancy_search_list&hhtmFrom=vacancy_search_list&query=Python%20junior,HeadHunter
47,Junior/Middle QA automation engineer Python,NaN,NaN,NaN,https://saratov.hh.ru/vacancy/52493077?from=vacancy_search_list&hhtmFrom=vacancy_search_list&query=Python%20junior,HeadHunter
48,Junior Data Scientist,NaN,NaN,NaN,https://saratov.hh.ru/vacancy/52396406?from=vacancy_search_list&hhtmFrom=vacancy_search_list&query=Python%20junior,HeadHunter
49,ETL/BI junior разработчик,NaN,NaN,NaN,https://saratov.hh.ru/vacancy/50018504?from=vacancy_search_list&hhtmFrom=vacancy_search_list&query=Python%20junior,HeadHunter
50,Младший разработчик ABAP/junior разработчик (удаленно),30000,NaN,руб.,https://saratov.hh.ru/vacancy/46587636?from=vacancy_search_list&hhtmFrom=vacancy_search_list&query=Python%20junior,HeadHunter
51,Разработчик Python,NaN,NaN,NaN,https://saratov.hh.ru/vacancy/52387912?from=vacancy_search_list&hhtmFrom=vacancy_search_list&query=Python%20junior,HeadHunter
52,Младший Python разработчик / Junior Python Developer (Back-end),NaN,NaN,NaN,https://saratov.hh.ru/vacancy/46797297?from=vacancy_search_list&hhtmFrom=vacancy_search_list&query=Python%20junior,HeadHunter
53,С++ Junior разработчик,25000,45000,руб.,https://saratov.hh.ru/vacancy/50430127?from=vacancy_search_list&hhtmFrom=vacancy_search_list&query=Python%20junior,HeadHunter
54,Разработчик Python,NaN,180000,руб.,https://saratov.hh.ru/vacancy/52362015?from=vacancy_search_list&hhtmFrom=vacancy_search_list&query=Python%20junior,HeadHunter
55,Junior ServiceNow developer,NaN,NaN,NaN,https://saratov.hh.ru/vacancy/50018472?from=vacancy_search_list&hhtmFrom=vacancy_search_list&query=Python%20junior,HeadHunter
56,Junior Data Scientist,NaN,NaN,NaN,https://saratov.hh.ru/vacancy/52396404?from=vacancy_search_list&hhtmFrom=vacancy_search_list&query=Python%20junior,HeadHunter
57,Junior QA (backend),NaN,NaN,NaN,https://saratov.hh.ru/vacancy/52411201?from=vacancy_search_list&hhtmFrom=vacancy_search_list&query=Python%20junior,HeadHunter
58,Junior специалист Data Science (Python),NaN,NaN,NaN,https://saratov.hh.ru/vacancy/52393118?from=vacancy_search_list&hhtmFrom=vacancy_search_list&query=Python%20junior,HeadHunter
59,Разработчик Python,NaN,180000,руб.,https://saratov.hh.ru/vacancy/52361943?from=vacancy_search_list&hhtmFrom=vacancy_search_list&query=Python%20junior,HeadHunter
60,Product/Data Analyst (Junior),NaN,1000,USD,https://saratov.hh.ru/vacancy/51710413?from=vacancy_search_list&hhtmFrom=vacancy_search_list&query=Python%20junior,HeadHunter
61,Стажер/младший аналитик данных,NaN,NaN,NaN,https://saratov.hh.ru/vacancy/52363899?from=vacancy_search_list&hhtmFrom=vacancy_search_list&query=Python%20junior,HeadHunter
62,Junior Аналитик Python/SQL в Центр ИТ-валидации,NaN,NaN,NaN,https://saratov.hh.ru/vacancy/52292199?from=vacancy_search_list&hhtmFrom=vacancy_search_list&query=Python%20junior,HeadHunter
63,Junior DevOPS Engineer,NaN,NaN,NaN,https://saratov.hh.ru/vacancy/51860951?from=vacancy_search_list&hhtmFrom=vacancy_search_list&query=Python%20junior,HeadHunter
64,Product/Data Analyst (Junior),NaN,1000,USD,https://saratov.hh.ru/vacancy/51710414?from=vacancy_search_list&hhtmFrom=vacancy_search_list&query=Python%20junior,HeadHunter
65,Python разработчик,NaN,NaN,NaN,https://saratov.hh.ru/vacancy/52067049?from=vacancy_search_list&hhtmFrom=vacancy_search_list&query=Python%20junior,HeadHunter
66,Стажер/младший аналитик данных,NaN,NaN,NaN,https://saratov.hh.ru/vacancy/52363910?from=vacancy_search_list&hhtmFrom=vacancy_search_list&query=Python%20junior,HeadHunter
67,Начинающий Веб программист (Junior Web-разработчик),25000,70000,руб.,https://saratov.hh.ru/vacancy/47793756?from=vacancy_search_list&hhtmFrom=vacancy_search_list&query=Python%20junior,HeadHunter
68,Junior-разработчик в техгруппу поддержки Медиасервисов,NaN,NaN,NaN,https://saratov.hh.ru/vacancy/51901536?from=vacancy_search_list&hhtmFrom=vacancy_search_list&query=Python%20junior,HeadHunter
69,Junior Python Developer,NaN,NaN,NaN,https://saratov.hh.ru/vacancy/52263253?from=vacancy_search_list&hhtmFrom=vacancy_search_list&query=Python%20junior,HeadHunter
70,Junior QA Automation Engineer,NaN,NaN,NaN,https://saratov.hh.ru/vacancy/51194865?from=vacancy_search_list&hhtmFrom=vacancy_search_list&query=Python%20junior,HeadHunter
71,Junior C++ разработчик алгоритмов геометрического моделирования,40000,70000,руб.,https://saratov.hh.ru/vacancy/52092584?from=vacancy_search_list&hhtmFrom=vacancy_search_list&query=Python%20junior,HeadHunter
72,Technical Implementation Engineer (opportunity for Junior Developer),150000,250000,руб.,https://saratov.hh.ru/vacancy/50717458?from=vacancy_search_list&hhtmFrom=vacancy_search_list&query=Python%20junior,HeadHunter
73,Разработчик Python,NaN,NaN,NaN,https://saratov.hh.ru/vacancy/47382585?from=vacancy_search_list&hhtmFrom=vacancy_search_list&query=Python%20junior,HeadHunter
74,Junior-разработчик в техгруппу поддержки Медиасервисов,NaN,NaN,NaN,https://saratov.hh.ru/vacancy/51901528?from=vacancy_search_list&hhtmFrom=vacancy_search_list&query=Python%20junior,HeadHunter
75,Junior DevOps инженер / Operations engineer,NaN,NaN,NaN,https://saratov.hh.ru/vacancy/51640449?from=vacancy_search_list&hhtmFrom=vacancy_search_list&query=Python%20junior,HeadHunter
76,Junior Application Security Engineer,NaN,NaN,NaN,https://saratov.hh.ru/vacancy/52549255?from=vacancy_search_list&hhtmFrom=vacancy_search_list&query=Python%20junior,HeadHunter
77,Junior Devops,120000,180000,руб.,https://saratov.hh.ru/vacancy/52253783?from=vacancy_search_list&hhtmFrom=vacancy_search_list&query=Python%20junior,HeadHunter
78,Junior QA engineer,1000,NaN,USD,https://saratov.hh.ru/vacancy/52249849?from=vacancy_search_list&hhtmFrom=vacancy_search_list&query=Python%20junior,HeadHunter
79,Разработчик на R / Java / C / Python (Дальний Восток или Сибирь) / Удаленно,100000,200000,руб.,https://saratov.hh.ru/vacancy/52384970?from=vacancy_search_list&hhtmFrom=vacancy_search_list&query=Python%20junior,HeadHunter
80,Junior Backend developer,40000,60000,руб.,https://saratov.hh.ru/vacancy/47003869?from=vacancy_search_list&hhtmFrom=vacancy_search_list&query=Python%20junior,HeadHunter
81,Junior-разработчик в техгруппу поддержки Медиасервисов,NaN,NaN,NaN,https://saratov.hh.ru/vacancy/51901525?from=vacancy_search_list&hhtmFrom=vacancy_search_list&query=Python%20junior,HeadHunter
82,Junior C++ SW Developer,NaN,NaN,NaN,https://saratov.hh.ru/vacancy/49439524?from=vacancy_search_list&hhtmFrom=vacancy_search_list&query=Python%20junior,HeadHunter
83,Junior-разработчик в техгруппу поддержки Медиасервисов,NaN,NaN,NaN,https://saratov.hh.ru/vacancy/51901526?from=vacancy_search_list&hhtmFrom=vacancy_search_list&query=Python%20junior,HeadHunter
84,Junior-разработчик в техгруппу поддержки Медиасервисов,NaN,NaN,NaN,https://saratov.hh.ru/vacancy/51901516?from=vacancy_search_list&hhtmFrom=vacancy_search_list&query=Python%20junior,HeadHunter
85,Junior-разработчик в техгруппу поддержки Медиасервисов,NaN,NaN,NaN,https://saratov.hh.ru/vacancy/50670673?from=vacancy_search_list&hhtmFrom=vacancy_search_list&query=Python%20junior,HeadHunter
86,Junior-разработчик в техгруппу поддержки Медиасервисов,NaN,NaN,NaN,https://saratov.hh.ru/vacancy/51901546?from=vacancy_search_list&hhtmFrom=vacancy_search_list&query=Python%20junior,HeadHunter
87,Junior-разработчик в техгруппу поддержки Медиасервисов,NaN,NaN,NaN,https://saratov.hh.ru/vacancy/51901543?from=vacancy_search_list&hhtmFrom=vacancy_search_list&query=Python%20junior,HeadHunter
88,Junior-разработчик в техгруппу поддержки Медиасервисов,NaN,NaN,NaN,https://saratov.hh.ru/vacancy/50670672?from=vacancy_search_list&hhtmFrom=vacancy_search_list&query=Python%20junior,HeadHunter
89,Junior-разработчик в техгруппу поддержки Медиасервисов,NaN,NaN,NaN,https://saratov.hh.ru/vacancy/51901532?from=vacancy_search_list&hhtmFrom=vacancy_search_list&query=Python%20junior,HeadHunter
90,Junior-разработчик в техгруппу поддержки Медиасервисов,NaN,NaN,NaN,https://saratov.hh.ru/vacancy/51901545?from=vacancy_search_list&hhtmFrom=vacancy_search_list&query=Python%20junior,HeadHunter
91,Младший программист Python,NaN,NaN,NaN,https://saratov.hh.ru/vacancy/52167806?from=vacancy_search_list&hhtmFrom=vacancy_search_list&query=Python%20junior,HeadHunter
92,Junior Python разработчик (роботы),35000,45000,руб.,https://saratov.hh.ru/vacancy/52123629?from=vacancy_search_list&hhtmFrom=vacancy_search_list&query=Python%20junior,HeadHunter
93,Junior-разработчик в техгруппу поддержки Медиасервисов,NaN,NaN,NaN,https://saratov.hh.ru/vacancy/51901538?from=vacancy_search_list&hhtmFrom=vacancy_search_list&query=Python%20junior,HeadHunter
94,Junior-разработчик в техгруппу поддержки Медиасервисов,NaN,NaN,NaN,https://saratov.hh.ru/vacancy/51901535?from=vacancy_search_list&hhtmFrom=vacancy_search_list&query=Python%20junior,HeadHunter
95,Junior ML Engineer в команду Backoffice,NaN,NaN,NaN,https://saratov.hh.ru/vacancy/48004145?from=vacancy_search_list&hhtmFrom=vacancy_search_list&query=Python%20junior,HeadHunter
96,Junior-разработчик в техгруппу поддержки Медиасервисов,NaN,NaN,NaN,https://saratov.hh.ru/vacancy/51901550?from=vacancy_search_list&hhtmFrom=vacancy_search_list&query=Python%20junior,HeadHunter
97,Junior QA Automation Engineer,NaN,NaN,NaN,https://saratov.hh.ru/vacancy/52341065?from=vacancy_search_list&hhtmFrom=vacancy_search_list&query=Python%20junior,HeadHunter
98,Junior-Middle C/C++ Developer (Remote),NaN,NaN,NaN,https://saratov.hh.ru/vacancy/52163922?from=vacancy_search_list&hhtmFrom=vacancy_search_list&query=Python%20junior,HeadHunter
99,Junior-разработчик в техгруппу поддержки Медиасервисов,NaN,NaN,NaN,https://saratov.hh.ru/vacancy/51901527?from=vacancy_search_list&hhtmFrom=vacancy_search_list&query=Python%20junior,HeadHunter
100,Junior DevOps инженер,NaN,130000,руб.,https://saratov.hh.ru/vacancy/52129801?from=vacancy_search_list&hhtmFrom=vacancy_search_list&query=Python%20junior,HeadHunter
101,Junior Data scientist,100000,150000,руб.,https://saratov.hh.ru/vacancy/51632135?from=vacancy_search_list&hhtmFrom=vacancy_search_list&query=Python%20junior,HeadHunter
102,Junior DevOps инженер,NaN,130000,руб.,https://saratov.hh.ru/vacancy/52129800?from=vacancy_search_list&hhtmFrom=vacancy_search_list&query=Python%20junior,HeadHunter
103,Аналитик данных (junior),NaN,NaN,NaN,https://saratov.hh.ru/vacancy/52221335?from=vacancy_search_list&hhtmFrom=vacancy_search_list&query=Python%20junior,HeadHunter
104,DevOps инженер (Junior),170000,NaN,руб.,https://saratov.hh.ru/vacancy/52069581?from=vacancy_search_list&hhtmFrom=vacancy_search_list&query=Python%20junior,HeadHunter
105,Junior Data Scientist,NaN,NaN,NaN,https://saratov.hh.ru/vacancy/51000491?from=vacancy_search_list&hhtmFrom=vacancy_search_list&query=Python%20junior,HeadHunter
106,Разработчик (junior),NaN,NaN,NaN,https://saratov.hh.ru/vacancy/50211674?from=vacancy_search_list&hhtmFrom=vacancy_search_list&query=Python%20junior,HeadHunter
107,Junior Elixir developer,NaN,130000,руб.,https://saratov.hh.ru/vacancy/52233254?from=vacancy_search_list&hhtmFrom=vacancy_search_list&query=Python%20junior,HeadHunter
108,Junior Devops engineer,80000,120000,руб.,https://saratov.hh.ru/vacancy/52118447?from=vacancy_search_list&hhtmFrom=vacancy_search_list&query=Python%20junior,HeadHunter
109,Junior Devops engineer,80000,120000,руб.,https://saratov.hh.ru/vacancy/52118448?from=vacancy_search_list&hhtmFrom=vacancy_search_list&query=Python%20junior,HeadHunter
110,Разработчик (junior),NaN,NaN,NaN,https://saratov.hh.ru/vacancy/50211675?from=vacancy_search_list&hhtmFrom=vacancy_search_list&query=Python%20junior,HeadHunter
111,Junior разработчик NodeJS,70000,NaN,руб.,https://saratov.hh.ru/vacancy/52254236?from=vacancy_search_list&hhtmFrom=vacancy_search_list&query=Python%20junior,HeadHunter
112,Эксперт-преподаватель по Python (Алгоритмы и структуры данных),NaN,NaN,NaN,https://saratov.hh.ru/vacancy/51111356?from=vacancy_search_list&hhtmFrom=vacancy_search_list&query=Python%20junior,HeadHunter
113,Junior ML engineer,NaN,NaN,NaN,https://saratov.hh.ru/vacancy/52061127?from=vacancy_search_list&hhtmFrom=vacancy_search_list&query=Python%20junior,HeadHunter
114,Junior Backend developer в Travel Tech,60000,100000,руб.,https://saratov.hh.ru/vacancy/48120169?from=vacancy_search_list&hhtmFrom=vacancy_search_list&query=Python%20junior,HeadHunter
115,Junior Developer,NaN,NaN,NaN,https://saratov.hh.ru/vacancy/52096682?from=vacancy_search_list&hhtmFrom=vacancy_search_list&query=Python%20junior,HeadHunter
116,Junior Python Developer,NaN,NaN,NaN,https://saratov.hh.ru/vacancy/51930479?from=vacancy_search_list&hhtmFrom=vacancy_search_list&query=Python%20junior,HeadHunter
117,Начинающий разработчик продуктов цифровой фабрики / Junior Digital Factory Product Developer,NaN,NaN,NaN,https://saratov.hh.ru/vacancy/52344345?from=vacancy_search_list&hhtmFrom=vacancy_search_list&query=Python%20junior,HeadHunter
118,Automation QA Engineer/Junior (Erp.aero),NaN,NaN,NaN,https://saratov.hh.ru/vacancy/52544554?from=vacancy_search_list&hhtmFrom=vacancy_search_list&query=Python%20junior,HeadHunter
119,Automation QA Engineer/Junior,NaN,NaN,NaN,https://saratov.hh.ru/vacancy/52544553?from=vacancy_search_list&hhtmFrom=vacancy_search_list&query=Python%20junior,HeadHunter
120,Junior DS Управление ML,NaN,NaN,NaN,https://saratov.hh.ru/vacancy/49996930?from=vacancy_search_list&hhtmFrom=vacancy_search_list&query=Python%20junior,HeadHunter
121,Junior PHP распрацоўшчык,NaN,NaN,NaN,https://saratov.hh.ru/vacancy/52180433?from=vacancy_search_list&hhtmFrom=vacancy_search_list&query=Python%20junior,HeadHunter
122,Junior Data Analyst (HR),NaN,NaN,NaN,https://saratov.hh.ru/vacancy/51980314?from=vacancy_search_list&hhtmFrom=vacancy_search_list&query=Python%20junior,HeadHunter
123,Junior DevOps Engineer (Trainee/Students Lab),NaN,NaN,NaN,https://saratov.hh.ru/vacancy/52237291?from=vacancy_search_list&hhtmFrom=vacancy_search_list&query=Python%20junior,HeadHunter
124,Python-разработчик в области AI/ML,80000,150000,руб.,https://saratov.hh.ru/vacancy/52158777?from=vacancy_search_list&hhtmFrom=vacancy_search_list&query=Python%20junior,HeadHunter
125,Junior/Middle Python Developer,NaN,NaN,NaN,https://saratov.hh.ru/vacancy/51810041?from=vacancy_search_list&hhtmFrom=vacancy_search_list&query=Python%20junior,HeadHunter
126,Junior Dealer,170000,250000,руб.,https://saratov.hh.ru/vacancy/51848133?from=vacancy_search_list&hhtmFrom=vacancy_search_list&query=Python%20junior,HeadHunter
127,Junior-разработчик в техгруппу поддержки Медиасервисов,NaN,NaN,NaN,https://saratov.hh.ru/vacancy/51901534?from=vacancy_search_list&hhtmFrom=vacancy_search_list&query=Python%20junior,HeadHunter
128,Junior/Middle Data Engineer,NaN,NaN,NaN,https://saratov.hh.ru/vacancy/52260814?from=vacancy_search_list&hhtmFrom=vacancy_search_list&query=Python%20junior,HeadHunter
129,Программист Python (Junior/Middle),NaN,NaN,NaN,https://saratov.hh.ru/vacancy/51556582?from=vacancy_search_list&hhtmFrom=vacancy_search_list&query=Python%20junior,HeadHunter
130,Аналитик Data science (junior),40000,60000,руб.,https://saratov.hh.ru/vacancy/51653154?from=vacancy_search_list&hhtmFrom=vacancy_search_list&query=Python%20junior,HeadHunter
131,Junior/Middle Python Developer,NaN,NaN,NaN,https://saratov.hh.ru/vacancy/44790039?from=vacancy_search_list&hhtmFrom=vacancy_search_list&query=Python%20junior,HeadHunter
132,Junior Autotest Engineer,NaN,NaN,NaN,https://saratov.hh.ru/vacancy/50952525?from=vacancy_search_list&hhtmFrom=vacancy_search_list&query=Python%20junior,HeadHunter
133,Junior Data Engineer,NaN,NaN,NaN,https://saratov.hh.ru/vacancy/49000643?from=vacancy_search_list&hhtmFrom=vacancy_search_list&query=Python%20junior,HeadHunter
134,Junior data analyst,NaN,NaN,NaN,https://saratov.hh.ru/vacancy/51652486?from=vacancy_search_list&hhtmFrom=vacancy_search_list&query=Python%20junior,HeadHunter
135,Junior Data Engineer,NaN,NaN,NaN,https://saratov.hh.ru/vacancy/51652225?from=vacancy_search_list&hhtmFrom=vacancy_search_list&query=Python%20junior,HeadHunter
136,Вирусный aналитик-стажер в группу анализа мобильных угроз / Junior Mobile Threats Analyst,NaN,NaN,NaN,https://saratov.hh.ru/vacancy/45533939?from=vacancy_search_list&hhtmFrom=vacancy_search_list&query=Python%20junior,HeadHunter
137,Разработчик FPGA (ПЛИС) Junior,90000,120000,руб.,https://saratov.hh.ru/vacancy/52032349?from=vacancy_search_list&hhtmFrom=vacancy_search_list&query=Python%20junior,HeadHunter
138,Junior data analyst,NaN,NaN,NaN,https://saratov.hh.ru/vacancy/51652485?from=vacancy_search_list&hhtmFrom=vacancy_search_list&query=Python%20junior,HeadHunter
139,Junior разработчик веб,NaN,NaN,NaN,https://saratov.hh.ru/vacancy/51656255?from=vacancy_search_list&hhtmFrom=vacancy_search_list&query=Python%20junior,HeadHunter
140,C++ Junior разработчик,NaN,NaN,NaN,https://saratov.hh.ru/vacancy/51803579?from=vacancy_search_list&hhtmFrom=vacancy_search_list&query=Python%20junior,HeadHunter
141,DevOps Junior Engineer,NaN,NaN,NaN,https://saratov.hh.ru/vacancy/49354601?from=vacancy_search_list&hhtmFrom=vacancy_search_list&query=Python%20junior,HeadHunter
142,DevOps Junior Engineer,NaN,NaN,NaN,https://saratov.hh.ru/vacancy/49354859?from=vacancy_search_list&hhtmFrom=vacancy_search_list&query=Python%20junior,HeadHunter
143,Junior DevOps / Cистемный администратор Linux,NaN,NaN,NaN,https://saratov.hh.ru/vacancy/51712346?from=vacancy_search_list&hhtmFrom=vacancy_search_list&query=Python%20junior,HeadHunter
144,Junior Software Developer (C++),NaN,NaN,NaN,https://saratov.hh.ru/vacancy/52041204?from=vacancy_search_list&hhtmFrom=vacancy_search_list&query=Python%20junior,HeadHunter
145,DevOps School Trainee,NaN,NaN,NaN,https://saratov.hh.ru/vacancy/52050465?from=vacancy_search_list&hhtmFrom=vacancy_search_list&query=Python%20junior,HeadHunter
146,DevOps Junior Engineer,NaN,NaN,NaN,https://saratov.hh.ru/vacancy/49354600?from=vacancy_search_list&hhtmFrom=vacancy_search_list&query=Python%20junior,HeadHunter
147,Инженер по нагрузочному тестированию (Junior),NaN,NaN,NaN,https://saratov.hh.ru/vacancy/50581782?from=vacancy_search_list&hhtmFrom=vacancy_search_list&query=Python%20junior,HeadHunter
148,C++ Junior разработчик,NaN,NaN,NaN,https://saratov.hh.ru/vacancy/51803585?from=vacancy_search_list&hhtmFrom=vacancy_search_list&query=Python%20junior,HeadHunter
149,Аналитик - исследователь (junior),NaN,NaN,NaN,https://saratov.hh.ru/vacancy/43853880?from=vacancy_search_list&hhtmFrom=vacancy_search_list&query=Python%20junior,HeadHunter
150,Junior Java Developer (Trainee / Students Lab Gomel),NaN,NaN,NaN,https://saratov.hh.ru/vacancy/49102929?from=vacancy_search_list&hhtmFrom=vacancy_search_list&query=Python%20junior,HeadHunter
151,Инженер по нагрузочному тестированию (Junior),NaN,NaN,NaN,https://saratov.hh.ru/vacancy/50581783?from=vacancy_search_list&hhtmFrom=vacancy_search_list&query=Python%20junior,HeadHunter
152,Junior Desktop Software Developer (C#),NaN,NaN,NaN,https://saratov.hh.ru/vacancy/51905371?from=vacancy_search_list&hhtmFrom=vacancy_search_list&query=Python%20junior,HeadHunter
153,Junior Python разработчик,300,NaN,USD,https://saratov.hh.ru/vacancy/52483593?from=vacancy_search_list&hhtmFrom=vacancy_search_list&query=Python%20junior,HeadHunter
154,Junior Python Developer,NaN,250000,KZT,https://saratov.hh.ru/vacancy/52410667?from=vacancy_search_list&hhtmFrom=vacancy_search_list&query=Python%20junior,HeadHunter
155,Стажер в области разработки на Python (направление: Data),NaN,NaN,NaN,https://saratov.hh.ru/vacancy/51997789?from=vacancy_search_list&hhtmFrom=vacancy_search_list&query=Python%20junior,HeadHunter
156,Junior Python RPA Developer (Robotic Process Automation),150000,NaN,KZT,https://saratov.hh.ru/vacancy/51685235?from=vacancy_search_list&hhtmFrom=vacancy_search_list&query=Python%20junior,HeadHunter
157,Junior/Mid DevOps / Backend software engineer,500,3000,USD,https://saratov.hh.ru/vacancy/51546771?from=vacancy_search_list&hhtmFrom=vacancy_search_list&query=Python%20junior,HeadHunter
158,System Administrator (Junior DevOps Engineer),18000,NaN,грн.,https://saratov.hh.ru/vacancy/52500791?from=vacancy_search_list&hhtmFrom=vacancy_search_list&query=Python%20junior,HeadHunter
159,Data Engineer,NaN,NaN,NaN,https://saratov.hh.ru/vacancy/48501169?from=vacancy_search_list&hhtmFrom=vacancy_search_list&query=Python%20junior,HeadHunter
160,Junior Software Developer (C++),NaN,NaN,NaN,https://saratov.hh.ru/vacancy/52041233?from=vacancy_search_list&hhtmFrom=vacancy_search_list&query=Python%20junior,HeadHunter
161,Junior DevOps engineer,NaN,NaN,NaN,https://saratov.hh.ru/vacancy/46973758?from=vacancy_search_list&hhtmFrom=vacancy_search_list&query=Python%20junior,HeadHunter
162,Backend разработчик (Python),250000,350000,руб.,https://saratov.hh.ru/vacancy/52045980?from=vacancy_search_list&hhtmFrom=vacancy_search_list&query=Python%20junior,HeadHunter
163,"Python Developer, Middle",NaN,NaN,NaN,https://saratov.hh.ru/vacancy/51772242?from=vacancy_search_list&hhtmFrom=vacancy_search_list&query=Python%20junior,HeadHunter
164,Python разработчик junior,30000,60000,руб.,https://saratov.hh.ru/vacancy/52423785?from=vacancy_search_list&hhtmFrom=vacancy_search_list&query=Python%20junior,HeadHunter
165,Младший тестировщик (Junior QA),80000,NaN,руб.,https://saratov.hh.ru/vacancy/52680975?from=vacancy_search_list&hhtmFrom=vacancy_search_list&query=Python%20junior,HeadHunter
166,Junior C++ Developer (Младший С++ разработчик),120000,NaN,руб.,https://saratov.hh.ru/vacancy/42462084?from=vacancy_search_list&hhtmFrom=vacancy_search_list&query=Python%20junior,HeadHunter
167,Junior Backend Developer (Python),NaN,NaN,NaN,https://saratov.hh.ru/vacancy/47348712?from=vacancy_search_list&hhtmFrom=vacancy_search_list&query=Python%20junior,HeadHunter
168,Junior data scientist,NaN,NaN,NaN,https://saratov.hh.ru/vacancy/50930766?from=vacancy_search_list&hhtmFrom=vacancy_search_list&query=Python%20junior,HeadHunter
169,Junior QA Engineer,60000,NaN,руб.,https://saratov.hh.ru/vacancy/52076844?from=vacancy_search_list&hhtmFrom=vacancy_search_list&query=Python%20junior,HeadHunter
170,Младший программист Python (MaxPatrol VM),NaN,NaN,NaN,https://saratov.hh.ru/vacancy/52586292?from=vacancy_search_list&hhtmFrom=vacancy_search_list&query=Python%20junior,HeadHunter
171,Junior python разработчик,NaN,NaN,NaN,https://saratov.hh.ru/vacancy/52524693?from=vacancy_search_list&hhtmFrom=vacancy_search_list&query=Python%20junior,HeadHunter
172,Младший бизнес-аналитик (Junior Business Analyst),70000,NaN,руб.,https://saratov.hh.ru/vacancy/52220321?from=vacancy_search_list&hhtmFrom=vacancy_search_list&query=Python%20junior,HeadHunter
173,Computer Vision Engineer (junior/intern),NaN,NaN,NaN,https://saratov.hh.ru/vacancy/52201642?from=vacancy_search_list&hhtmFrom=vacancy_search_list&query=Python%20junior,HeadHunter
174,Junior Python Developer (remote),10000,40000,руб.,https://saratov.hh.ru/vacancy/52289469?from=vacancy_search_list&hhtmFrom=vacancy_search_list&query=Python%20junior,HeadHunter
175,Младший аналитик Power BI,NaN,NaN,NaN,https://saratov.hh.ru/vacancy/50329575?from=vacancy_search_list&hhtmFrom=vacancy_search_list&query=Python%20junior,HeadHunter
176,Младший Python программист (MaxPatrol 8),NaN,NaN,NaN,https://saratov.hh.ru/vacancy/52113553?from=vacancy_search_list&hhtmFrom=vacancy_search_list&query=Python%20junior,HeadHunter
177,Junior Java Developer,NaN,NaN,NaN,https://saratov.hh.ru/vacancy/52148830?from=vacancy_search_list&hhtmFrom=vacancy_search_list&query=Python%20junior,HeadHunter
178,Junior Data Engineer,NaN,NaN,NaN,https://saratov.hh.ru/vacancy/50929393?from=vacancy_search_list&hhtmFrom=vacancy_search_list&query=Python%20junior,HeadHunter
179,Junior Data-аналитик (Kolesa Academy)/Стажер,150000,150000,KZT,https://saratov.hh.ru/vacancy/51830115?from=vacancy_search_list&hhtmFrom=vacancy_search_list&query=Python%20junior,HeadHunter
180,Senior/Middle ML Engineer (cv and speech),NaN,NaN,NaN,https://saratov.hh.ru/vacancy/51957361?from=vacancy_search_list&hhtmFrom=vacancy_search_list&query=Python%20junior,HeadHunter
181,Инженер-программист (Optimized libraries software developer),NaN,NaN,NaN,https://saratov.hh.ru/vacancy/52761439?from=vacancy_search_list&hhtmFrom=vacancy_search_list&query=Python%20junior,HeadHunter
182,Специалист по тестированию ПО,NaN,NaN,NaN,https://saratov.hh.ru/vacancy/51993803?from=vacancy_search_list&hhtmFrom=vacancy_search_list&query=Python%20junior,HeadHunter
183,Инженер-программист (System/embedded software developer),NaN,NaN,NaN,https://saratov.hh.ru/vacancy/52761653?from=vacancy_search_list&hhtmFrom=vacancy_search_list&query=Python%20junior,HeadHunter
184,Staff Engineer Backend,6000,8000,USD,https://saratov.hh.ru/vacancy/52733155?from=vacancy_search_list&hhtmFrom=vacancy_search_list&query=Python%20junior,HeadHunter
185,Системный администратор / DevOps,70000,NaN,руб.,https://saratov.hh.ru/vacancy/51727389?from=vacancy_search_list&hhtmFrom=vacancy_search_list&query=Python%20junior,HeadHunter
186,Программист PHP,NaN,NaN,NaN,https://saratov.hh.ru/vacancy/52179066?from=vacancy_search_list&hhtmFrom=vacancy_search_list&query=Python%20junior,HeadHunter
187,Младший разработчик встроенных систем Embedded Linux,NaN,NaN,NaN,https://saratov.hh.ru/vacancy/52759098?from=vacancy_search_list&hhtmFrom=vacancy_search_list&query=Python%20junior,HeadHunter
188,Инженер-программист,35000,70000,руб.,https://saratov.hh.ru/vacancy/50771312?from=vacancy_search_list&hhtmFrom=vacancy_search_list&query=Python%20junior,HeadHunter
189,Разработчик,NaN,NaN,NaN,https://saratov.hh.ru/vacancy/50705335?from=vacancy_search_list&hhtmFrom=vacancy_search_list&query=Python%20junior,HeadHunter
190,Инженер-программист встроенных систем (Embedded Software Engineer),NaN,NaN,NaN,https://saratov.hh.ru/vacancy/52761648?from=vacancy_search_list&hhtmFrom=vacancy_search_list&query=Python%20junior,HeadHunter
191,Тестировщик ПО,80000,150000,руб.,https://saratov.hh.ru/vacancy/52338747?from=vacancy_search_list&hhtmFrom=vacancy_search_list&query=Python%20junior,HeadHunter
192,Системный администратор Linux Junior,85000,140000,руб.,https://saratov.hh.ru/vacancy/48462279?from=vacancy_search_list&hhtmFrom=vacancy_search_list&query=Python%20junior,HeadHunter
193,Senior backend developer (Python),NaN,NaN,NaN,https://saratov.hh.ru/vacancy/48210044?from=vacancy_search_list&hhtmFrom=vacancy_search_list&query=Python%20junior,HeadHunter
194,"Backend-разработчик (PHP, Junior)",30000,NaN,руб.,https://saratov.hh.ru/vacancy/52601179?from=vacancy_search_list&hhtmFrom=vacancy_search_list&query=Python%20junior,HeadHunter
195,Продуктовый аналитик / Product analyst (удаленно),NaN,NaN,NaN,https://saratov.hh.ru/vacancy/52156739?from=vacancy_search_list&hhtmFrom=vacancy_search_list&query=Python%20junior,HeadHunter
196,Senior Data scientist,NaN,NaN,NaN,https://saratov.hh.ru/vacancy/50477564?from=vacancy_search_list&hhtmFrom=vacancy_search_list&query=Python%20junior,HeadHunter
197,Инженер данных / DE (удалённо),NaN,NaN,NaN,https://saratov.hh.ru/vacancy/52818619?from=vacancy_search_list&hhtmFrom=vacancy_search_list&query=Python%20junior,HeadHunter
198,Младший системный администратор,45000,70000,руб.,https://saratov.hh.ru/vacancy/51007140?from=vacancy_search_list&hhtmFrom=vacancy_search_list&query=Python%20junior,HeadHunter
199,Ментор по JavaScript,17000,100000,руб.,https://saratov.hh.ru/vacancy/52162079?from=vacancy_search_list&hhtmFrom=vacancy_search_list&query=Python%20junior,HeadHunter
200,Старший аналитик продукта / данных (Персонализация),NaN,NaN,NaN,https://saratov.hh.ru/vacancy/50026700?from=vacancy_search_list&hhtmFrom=vacancy_search_list&query=Python%20junior,HeadHunter
201,Менеджер отдела аудита (BI - аналитик),70000,NaN,руб.,https://saratov.hh.ru/vacancy/52462339?from=vacancy_search_list&hhtmFrom=vacancy_search_list&query=Python%20junior,HeadHunter
202,Преподаватель / Репетитор по программированию,60000,NaN,руб.,https://saratov.hh.ru/vacancy/50548687?from=vacancy_search_list&hhtmFrom=vacancy_search_list&query=Python%20junior,HeadHunter
203,Senior Support Engineer - CloudLinux Specialized Team [Remote],NaN,NaN,NaN,https://saratov.hh.ru/vacancy/48539293?from=vacancy_search_list&hhtmFrom=vacancy_search_list&query=Python%20junior,HeadHunter
204,Продуктовый аналитик (Origination),NaN,NaN,NaN,https://saratov.hh.ru/vacancy/49916165?from=vacancy_search_list&hhtmFrom=vacancy_search_list&query=Python%20junior,HeadHunter
205,Преподаватель программирования Учи.ру/КодКласс,20000,40000,руб.,https://saratov.hh.ru/vacancy/52818274?from=vacancy_search_list&hhtmFrom=vacancy_search_list&query=Python%20junior,HeadHunter
206,Senior Front-end Developer,NaN,NaN,NaN,https://saratov.hh.ru/vacancy/51799097?from=vacancy_search_list&hhtmFrom=vacancy_search_list&query=Python%20junior,HeadHunter
207,Senior Support Engineer - CloudLinux Specialized Team [Remote],NaN,NaN,NaN,https://saratov.hh.ru/vacancy/48539282?from=vacancy_search_list&hhtmFrom=vacancy_search_list&query=Python%20junior,HeadHunter
208,Senior Support Engineer - CloudLinux Specialized Team [Remote],NaN,NaN,NaN,https://saratov.hh.ru/vacancy/48539322?from=vacancy_search_list&hhtmFrom=vacancy_search_list&query=Python%20junior,HeadHunter
209,Senior Support Engineer - CloudLinux Specialized Team [Remote],NaN,NaN,NaN,https://saratov.hh.ru/vacancy/48539308?from=vacancy_search_list&hhtmFrom=vacancy_search_list&query=Python%20junior,HeadHunter
210,Senior Support Engineer - CloudLinux Specialized Team [Remote],NaN,NaN,NaN,https://saratov.hh.ru/vacancy/48539183?from=vacancy_search_list&hhtmFrom=vacancy_search_list&query=Python%20junior,HeadHunter
211,Junior Electromagnetic Signal Processing Researcher,NaN,NaN,NaN,https://saratov.hh.ru/vacancy/52663939?from=vacancy_search_list&hhtmFrom=vacancy_search_list&query=Python%20junior,HeadHunter
212,Старший риск - аналитик,NaN,NaN,NaN,https://saratov.hh.ru/vacancy/44903435?from=vacancy_search_list&hhtmFrom=vacancy_search_list&query=Python%20junior,HeadHunter
213,Системный инженер,NaN,NaN,NaN,https://saratov.hh.ru/vacancy/49589464?from=vacancy_search_list&hhtmFrom=vacancy_search_list&query=Python%20junior,HeadHunter
214,Аналитик (Младший специалист),NaN,NaN,NaN,https://saratov.hh.ru/vacancy/51109034?from=vacancy_search_list&hhtmFrom=vacancy_search_list&query=Python%20junior,HeadHunter
215,Преподаватель по программированию со знанием иврита в онлайн-школу,NaN,1000,USD,https://saratov.hh.ru/vacancy/52535804?from=vacancy_search_list&hhtmFrom=vacancy_search_list&query=Python%20junior,HeadHunter
216,Web Analytics Team Lead,NaN,NaN,NaN,https://saratov.hh.ru/vacancy/47756783?from=vacancy_search_list&hhtmFrom=vacancy_search_list&query=Python%20junior,HeadHunter
217,Младший инженер SIEM,NaN,NaN,NaN,https://saratov.hh.ru/vacancy/52683000?from=vacancy_search_list&hhtmFrom=vacancy_search_list&query=Python%20junior,HeadHunter
218,Web Analytics Team Lead,NaN,NaN,NaN,https://saratov.hh.ru/vacancy/49979568?from=vacancy_search_list&hhtmFrom=vacancy_search_list&query=Python%20junior,HeadHunter
219,Web Analytics Team Lead,NaN,NaN,NaN,https://saratov.hh.ru/vacancy/45156149?from=vacancy_search_list&hhtmFrom=vacancy_search_list&query=Python%20junior,HeadHunter
220,Data Scientist / Machine Learning (remote),NaN,NaN,NaN,https://saratov.hh.ru/vacancy/52579257?from=vacancy_search_list&hhtmFrom=vacancy_search_list&query=Python%20junior,HeadHunter
221,Data Scientist / Machine Learning (remote),NaN,NaN,NaN,https://saratov.hh.ru/vacancy/52579250?from=vacancy_search_list&hhtmFrom=vacancy_search_list&query=Python%20junior,HeadHunter
222,Data Scientist / Machine Learning (remote),NaN,NaN,NaN,https://saratov.hh.ru/vacancy/52579208?from=vacancy_search_list&hhtmFrom=vacancy_search_list&query=Python%20junior,HeadHunter
223,Data Scientist / Machine Learning (remote),NaN,NaN,NaN,https://saratov.hh.ru/vacancy/52579255?from=vacancy_search_list&hhtmFrom=vacancy_search_list&query=Python%20junior,HeadHunter
224,Data Scientist / Machine Learning (remote),NaN,NaN,NaN,https://saratov.hh.ru/vacancy/52579251?from=vacancy_search_list&hhtmFrom=vacancy_search_list&query=Python%20junior,HeadHunter
225,Data Scientist / Machine Learning (remote),NaN,NaN,NaN,https://saratov.hh.ru/vacancy/52579252?from=vacancy_search_list&hhtmFrom=vacancy_search_list&query=Python%20junior,HeadHunter
226,Data Scientist / Machine Learning (remote),NaN,NaN,NaN,https://saratov.hh.ru/vacancy/52579253?from=vacancy_search_list&hhtmFrom=vacancy_search_list&query=Python%20junior,HeadHunter
227,Data Scientist / Machine Learning (remote),NaN,NaN,NaN,https://saratov.hh.ru/vacancy/52579258?from=vacancy_search_list&hhtmFrom=vacancy_search_list&query=Python%20junior,HeadHunter
228,Data Scientist / Machine Learning (remote),NaN,NaN,NaN,https://saratov.hh.ru/vacancy/52579254?from=vacancy_search_list&hhtmFrom=vacancy_search_list&query=Python%20junior,HeadHunter
229,Системный администратор Linux,NaN,NaN,NaN,https://saratov.hh.ru/vacancy/52610127?from=vacancy_search_list&hhtmFrom=vacancy_search_list&query=Python%20junior,HeadHunter
230,Системный администратор Linux,NaN,NaN,NaN,https://saratov.hh.ru/vacancy/52610161?from=vacancy_search_list&hhtmFrom=vacancy_search_list&query=Python%20junior,HeadHunter
231,Embedded Software Senior QA Engineer,NaN,NaN,NaN,https://saratov.hh.ru/vacancy/48545450?from=vacancy_search_list&hhtmFrom=vacancy_search_list&query=Python%20junior,HeadHunter
232,"Senior Consultant, Data Science, IT Advisory",NaN,NaN,NaN,https://saratov.hh.ru/vacancy/52581749?from=vacancy_search_list&hhtmFrom=vacancy_search_list&query=Python%20junior,HeadHunter
233,Junior DevOps (Младший системный инженер),NaN,NaN,NaN,https://saratov.hh.ru/vacancy/51037875?from=vacancy_search_list&hhtmFrom=vacancy_search_list&query=Python%20junior,HeadHunter
234,"Эксперт-преподаватель по курсу ""Командная разработка по методологии Agile: SCRUM"" (Python developer)",NaN,NaN,NaN,https://saratov.hh.ru/vacancy/52564134?from=vacancy_search_list&hhtmFrom=vacancy_search_list&query=Python%20junior,HeadHunter
235,Junior Linux Engineer/DevOps,NaN,NaN,NaN,https://saratov.hh.ru/vacancy/51202319?from=vacancy_search_list&hhtmFrom=vacancy_search_list&query=Python%20junior,HeadHunter
236,Младший аналитик персональных коммуникаций,NaN,NaN,NaN,https://saratov.hh.ru/vacancy/52570162?from=vacancy_search_list&hhtmFrom=vacancy_search_list&query=Python%20junior,HeadHunter
237,Младший ИТ-аналитик в Холдинг РЕСО,NaN,NaN,NaN,https://saratov.hh.ru/vacancy/50231742?from=vacancy_search_list&hhtmFrom=vacancy_search_list&query=Python%20junior,HeadHunter
238,Младший консультант / Консультант оценки финансовых рисков — Управление рисками организаций,NaN,NaN,NaN,https://saratov.hh.ru/vacancy/49622338?from=vacancy_search_list&hhtmFrom=vacancy_search_list&query=Python%20junior,HeadHunter
239,Junior iOS разработчик мобильных приложений,NaN,NaN,NaN,https://saratov.hh.ru/vacancy/51193313?from=vacancy_search_list&hhtmFrom=vacancy_search_list&query=Python%20junior,HeadHunter
240,Младший SEO-оптимизатор,NaN,50000,руб.,https://saratov.hh.ru/vacancy/52069502?from=vacancy_search_list&hhtmFrom=vacancy_search_list&query=Python%20junior,HeadHunter
241,Программист PHP,NaN,NaN,NaN,https://saratov.hh.ru/vacancy/52433186?from=vacancy_search_list&hhtmFrom=vacancy_search_list&query=Python%20junior,HeadHunter
242,Инженер по сопровождению,NaN,NaN,NaN,https://saratov.hh.ru/vacancy/52461115?from=vacancy_search_list&hhtmFrom=vacancy_search_list&query=Python%20junior,HeadHunter
243,DevOps/Инженер по релизам и конфигурациям,NaN,NaN,NaN,https://saratov.hh.ru/vacancy/49350795?from=vacancy_search_list&hhtmFrom=vacancy_search_list&query=Python%20junior,HeadHunter
244,Junior DevOps Инженер,NaN,NaN,NaN,https://saratov.hh.ru/vacancy/48470028?from=vacancy_search_list&hhtmFrom=vacancy_search_list&query=Python%20junior,HeadHunter
245,Ведущий аналитик (gamedev),NaN,NaN,NaN,https://saratov.hh.ru/vacancy/43504375?from=vacancy_search_list&hhtmFrom=vacancy_search_list&query=Python%20junior,HeadHunter
246,Младший управляющий активами,NaN,NaN,NaN,https://saratov.hh.ru/vacancy/52465618?from=vacancy_search_list&hhtmFrom=vacancy_search_list&query=Python%20junior,HeadHunter
247,"Big Data Developer (Spark, BigData)",NaN,NaN,NaN,https://saratov.hh.ru/vacancy/52414908?from=vacancy_search_list&hhtmFrom=vacancy_search_list&query=Python%20junior,HeadHunter
248,Junior DevOps,NaN,NaN,NaN,https://saratov.hh.ru/vacancy/50904065?from=vacancy_search_list&hhtmFrom=vacancy_search_list&query=Python%20junior,HeadHunter
249,Middle/middle+ Python Developer,NaN,NaN,NaN,https://saratov.hh.ru/vacancy/50798756?from=vacancy_search_list&hhtmFrom=vacancy_search_list&query=Python%20junior,HeadHunter
250,ML engineer,NaN,NaN,NaN,https://saratov.hh.ru/vacancy/52403465?from=vacancy_search_list&hhtmFrom=vacancy_search_list&query=Python%20junior,HeadHunter
251,Junior marketing analyst,NaN,NaN,NaN,https://saratov.hh.ru/vacancy/49492716?from=vacancy_search_list&hhtmFrom=vacancy_search_list&query=Python%20junior,HeadHunter
252,Аналитик в сфере защиты информации,NaN,NaN,NaN,https://saratov.hh.ru/vacancy/48930539?from=vacancy_search_list&hhtmFrom=vacancy_search_list&query=Python%20junior,HeadHunter
253,Web-программист,40000,NaN,руб.,https://saratov.hh.ru/vacancy/52425829?from=vacancy_search_list&hhtmFrom=vacancy_search_list&query=Python%20junior,HeadHunter
254,Младший аналитик в отдел исследований цифровых рисков (Департамент Digital Risk Protection),NaN,NaN,NaN,https://saratov.hh.ru/vacancy/52418304?from=vacancy_search_list&hhtmFrom=vacancy_search_list&query=Python%20junior,HeadHunter
255,Junior/Middle продуктовый аналитик в команду автобусов сервиса путешествий,NaN,NaN,NaN,https://saratov.hh.ru/vacancy/49069093?from=vacancy_search_list&hhtmFrom=vacancy_search_list&query=Python%20junior,HeadHunter
256,Network Automation Engineer (Move On),NaN,NaN,NaN,https://saratov.hh.ru/vacancy/51731731?from=vacancy_search_list&hhtmFrom=vacancy_search_list&query=Python%20junior,HeadHunter
257,Network Automation Engineer (Move On),NaN,NaN,NaN,https://saratov.hh.ru/vacancy/51731733?from=vacancy_search_list&hhtmFrom=vacancy_search_list&query=Python%20junior,HeadHunter
258,Junior marketing analyst,NaN,NaN,NaN,https://saratov.hh.ru/vacancy/51629633?from=vacancy_search_list&hhtmFrom=vacancy_search_list&query=Python%20junior,HeadHunter
259,Программист разработчик тестов процессорных ядер,NaN,NaN,NaN,https://saratov.hh.ru/vacancy/50472295?from=vacancy_search_list&hhtmFrom=vacancy_search_list&query=Python%20junior,HeadHunter
260,Специалист по информационной безопасности (Junior/Middle),NaN,NaN,NaN,https://saratov.hh.ru/vacancy/46025219?from=vacancy_search_list&hhtmFrom=vacancy_search_list&query=Python%20junior,HeadHunter
261,Старший разработчик имитационных моделей,NaN,NaN,NaN,https://saratov.hh.ru/vacancy/52281598?from=vacancy_search_list&hhtmFrom=vacancy_search_list&query=Python%20junior,HeadHunter
262,Junior Backend Developer,NaN,NaN,NaN,https://saratov.hh.ru/vacancy/52251316?from=vacancy_search_list&hhtmFrom=vacancy_search_list&query=Python%20junior,HeadHunter
263,Product analyst intern,NaN,NaN,NaN,https://saratov.hh.ru/vacancy/52244222?from=vacancy_search_list&hhtmFrom=vacancy_search_list&query=Python%20junior,HeadHunter
264,Разработчик-аналитик,NaN,NaN,NaN,https://saratov.hh.ru/vacancy/50036058?from=vacancy_search_list&hhtmFrom=vacancy_search_list&query=Python%20junior,HeadHunter
265,Web разработчик (Junior Web-developer),NaN,NaN,NaN,https://saratov.hh.ru/vacancy/52239234?from=vacancy_search_list&hhtmFrom=vacancy_search_list&query=Python%20junior,HeadHunter
266,Инженер-программист (компьютерное зрение и машинное обучение),NaN,NaN,NaN,https://saratov.hh.ru/vacancy/52210218?from=vacancy_search_list&hhtmFrom=vacancy_search_list&query=Python%20junior,HeadHunter
267,Программист-разработчик ПО для оптимизированных библиотек/Optimized Libraries Software Developer,NaN,NaN,NaN,https://saratov.hh.ru/vacancy/50155421?from=vacancy_search_list&hhtmFrom=vacancy_search_list&query=Python%20junior,HeadHunter
268,Network Automation Engineer (Move On),NaN,NaN,NaN,https://saratov.hh.ru/vacancy/51731732?from=vacancy_search_list&hhtmFrom=vacancy_search_list&query=Python%20junior,HeadHunter
269,Помощник специалиста RPA,23000,NaN,руб.,https://saratov.hh.ru/vacancy/51105920?from=vacancy_search_list&hhtmFrom=vacancy_search_list&query=Python%20junior,HeadHunter
270,Системный администратор Unix / Junior DevOps,NaN,NaN,NaN,https://saratov.hh.ru/vacancy/50764342?from=vacancy_search_list&hhtmFrom=vacancy_search_list&query=Python%20junior,HeadHunter
271,Программист-стажер защищенных микроконтроллеров,80000,120000,руб.,https://saratov.hh.ru/vacancy/52224793?from=vacancy_search_list&hhtmFrom=vacancy_search_list&query=Python%20junior,HeadHunter
272,Младший системный администратор,NaN,NaN,NaN,https://saratov.hh.ru/vacancy/52239220?from=vacancy_search_list&hhtmFrom=vacancy_search_list&query=Python%20junior,HeadHunter
273,Data Scientist,NaN,NaN,NaN,https://saratov.hh.ru/vacancy/52219113?from=vacancy_search_list&hhtmFrom=vacancy_search_list&query=Python%20junior,HeadHunter
274,Менеджер/младший менеджер (Группа по управлению финансовыми рисками/Департамент управления рисками),NaN,NaN,NaN,https://saratov.hh.ru/vacancy/50982072?from=vacancy_search_list&hhtmFrom=vacancy_search_list&query=Python%20junior,HeadHunter
275,Младший специалист — Группа по управлению корпоративными рисками — Департамент управления рисками,NaN,NaN,NaN,https://saratov.hh.ru/vacancy/52238930?from=vacancy_search_list&hhtmFrom=vacancy_search_list&query=Python%20junior,HeadHunter
276,Devops Engineer (Junior),NaN,NaN,NaN,https://saratov.hh.ru/vacancy/52199682?from=vacancy_search_list&hhtmFrom=vacancy_search_list&query=Python%20junior,HeadHunter
277,Junior DevOps specialist (Младший инженер по конфигурированию),NaN,NaN,NaN,https://saratov.hh.ru/vacancy/52208804?from=vacancy_search_list&hhtmFrom=vacancy_search_list&query=Python%20junior,HeadHunter
278,Ведущий аналитик по планированию спроса и продаж (Senior Demand Planner),NaN,NaN,NaN,https://saratov.hh.ru/vacancy/52256397?from=vacancy_search_list&hhtmFrom=vacancy_search_list&query=Python%20junior,HeadHunter
279,Senior Data Scientist в команду CVM AI,NaN,NaN,NaN,https://saratov.hh.ru/vacancy/52219316?from=vacancy_search_list&hhtmFrom=vacancy_search_list&query=Python%20junior,HeadHunter
280,Программист,200,NaN,руб.,https://saratov.hh.ru/vacancy/52085449?from=vacancy_search_list&hhtmFrom=vacancy_search_list&query=Python%20junior,HeadHunter
281,Педагог (кружок программирования),80000,200000,руб.,https://saratov.hh.ru/vacancy/52097766?from=vacancy_search_list&hhtmFrom=vacancy_search_list&query=Python%20junior,HeadHunter
282,Data Scientist,80000,NaN,руб.,https://saratov.hh.ru/vacancy/52081848?from=vacancy_search_list&hhtmFrom=vacancy_search_list&query=Python%20junior,HeadHunter
283,Senior Data Scientist (Агентство Starlink),NaN,NaN,NaN,https://saratov.hh.ru/vacancy/51091771?from=vacancy_search_list&hhtmFrom=vacancy_search_list&query=Python%20junior,HeadHunter
284,Data Scientist,80000,NaN,руб.,https://saratov.hh.ru/vacancy/52065613?from=vacancy_search_list&hhtmFrom=vacancy_search_list&query=Python%20junior,HeadHunter
285,Маркетинговый аналитик (junior-middle),NaN,NaN,NaN,https://saratov.hh.ru/vacancy/50813616?from=vacancy_search_list&hhtmFrom=vacancy_search_list&query=Python%20junior,HeadHunter
286,Преподаватель программирования для детей (удаленно),30000,60000,руб.,https://saratov.hh.ru/vacancy/51267858?from=vacancy_search_list&hhtmFrom=vacancy_search_list&query=Python%20junior,HeadHunter
287,Маркетинговый аналитик (junior-middle),NaN,NaN,NaN,https://saratov.hh.ru/vacancy/50813617?from=vacancy_search_list&hhtmFrom=vacancy_search_list&query=Python%20junior,HeadHunter
288,Преподаватель программирования для детей (удаленно),30000,60000,руб.,https://saratov.hh.ru/vacancy/51267860?from=vacancy_search_list&hhtmFrom=vacancy_search_list&query=Python%20junior,HeadHunter
289,Преподаватель программирования для детей (удаленно),30000,60000,руб.,https://saratov.hh.ru/vacancy/51267859?from=vacancy_search_list&hhtmFrom=vacancy_search_list&query=Python%20junior,HeadHunter
290,Программист C# / Разработчик Unity (Junior),40000,50000,руб.,https://saratov.hh.ru/vacancy/52056890?from=vacancy_search_list&hhtmFrom=vacancy_search_list&query=Python%20junior,HeadHunter
291,QA-инженер,NaN,NaN,NaN,https://saratov.hh.ru/vacancy/52056305?from=vacancy_search_list&hhtmFrom=vacancy_search_list&query=Python%20junior,HeadHunter
292,Преподаватель программирования для детей (удаленно),30000,60000,руб.,https://saratov.hh.ru/vacancy/51267863?from=vacancy_search_list&hhtmFrom=vacancy_search_list&query=Python%20junior,HeadHunter
293,Маркетинговый аналитик на направление USA (junior-middle),NaN,NaN,NaN,https://saratov.hh.ru/vacancy/50813608?from=vacancy_search_list&hhtmFrom=vacancy_search_list&query=Python%20junior,HeadHunter
294,Senior C++ developer,250000,NaN,руб.,https://saratov.hh.ru/vacancy/47419766?from=vacancy_search_list&hhtmFrom=vacancy_search_list&query=Python%20junior,HeadHunter
295,Преподаватель программирования для детей (удаленно),30000,60000,руб.,https://saratov.hh.ru/vacancy/51267866?from=vacancy_search_list&hhtmFrom=vacancy_search_list&query=Python%20junior,HeadHunter
296,Аналитик,NaN,NaN,NaN,https://saratov.hh.ru/vacancy/50712963?from=vacancy_search_list&hhtmFrom=vacancy_search_list&query=Python%20junior,HeadHunter
297,Маркетинговый аналитик на направление USA (junior-middle),NaN,NaN,NaN,https://saratov.hh.ru/vacancy/50813609?from=vacancy_search_list&hhtmFrom=vacancy_search_list&query=Python%20junior,HeadHunter
298,DevOps School Trainee,NaN,NaN,NaN,https://saratov.hh.ru/vacancy/52050462?from=vacancy_search_list&hhtmFrom=vacancy_search_list&query=Python%20junior,HeadHunter
299,DevOps School Trainee,NaN,NaN,NaN,https://saratov.hh.ru/vacancy/52050466?from=vacancy_search_list&hhtmFrom=vacancy_search_list&query=Python%20junior,HeadHunter
300,Junior/Middle Go developer (Blockchain integration),NaN,NaN,NaN,https://saratov.hh.ru/vacancy/51992888?from=vacancy_search_list&hhtmFrom=vacancy_search_list&query=Python%20junior,HeadHunter
301,Senior data analyst (Supply chain),NaN,NaN,NaN,https://saratov.hh.ru/vacancy/51471255?from=vacancy_search_list&hhtmFrom=vacancy_search_list&query=Python%20junior,HeadHunter
302,Senior data analyst (Supply chain),NaN,NaN,NaN,https://saratov.hh.ru/vacancy/51470572?from=vacancy_search_list&hhtmFrom=vacancy_search_list&query=Python%20junior,HeadHunter
303,Junior / Middle / Senior Software Developer in Test (Automation QA Engineer),NaN,NaN,NaN,https://saratov.hh.ru/vacancy/51989478?from=vacancy_search_list&hhtmFrom=vacancy_search_list&query=Python%20junior,HeadHunter
304,Associate Engineer / Младший инженер / SAP,NaN,NaN,NaN,https://saratov.hh.ru/vacancy/50255420?from=vacancy_search_list&hhtmFrom=vacancy_search_list&query=Python%20junior,HeadHunter
305,ML Lead,NaN,NaN,NaN,https://saratov.hh.ru/vacancy/51999697?from=vacancy_search_list&hhtmFrom=vacancy_search_list&query=Python%20junior,HeadHunter
306,Junior bioinformatics scientist (NGS),NaN,NaN,NaN,https://saratov.hh.ru/vacancy/49910002?from=vacancy_search_list&hhtmFrom=vacancy_search_list&query=Python%20junior,HeadHunter
307,IT Analytics Platform Architect,NaN,NaN,NaN,https://saratov.hh.ru/vacancy/51997528?from=vacancy_search_list&hhtmFrom=vacancy_search_list&query=Python%20junior,HeadHunter
308,Junior/Middle/Senior Golang Developer,NaN,NaN,NaN,https://saratov.hh.ru/vacancy/47722398?from=vacancy_search_list&hhtmFrom=vacancy_search_list&query=Python%20junior,HeadHunter
309,Стажер-разработчик PHP,10000,NaN,руб.,https://saratov.hh.ru/vacancy/51942257?from=vacancy_search_list&hhtmFrom=vacancy_search_list&query=Python%20junior,HeadHunter
310,"Java-программист (Middle, Junior)",NaN,NaN,NaN,https://saratov.hh.ru/vacancy/50713741?from=vacancy_search_list&hhtmFrom=vacancy_search_list&query=Python%20junior,HeadHunter
311,"Java-программист (Middle, Junior)",NaN,NaN,NaN,https://saratov.hh.ru/vacancy/50713726?from=vacancy_search_list&hhtmFrom=vacancy_search_list&query=Python%20junior,HeadHunter
312,Backend разработчик,250000,300000,руб.,https://saratov.hh.ru/vacancy/51943391?from=vacancy_search_list&hhtmFrom=vacancy_search_list&query=Python%20junior,HeadHunter
313,IT Сорсер / Junior IT-Recruiter,NaN,NaN,NaN,https://saratov.hh.ru/vacancy/51947552?from=vacancy_search_list&hhtmFrom=vacancy_search_list&query=Python%20junior,HeadHunter
314,Инженер (Junior Devops),NaN,NaN,NaN,https://saratov.hh.ru/vacancy/46175057?from=vacancy_search_list&hhtmFrom=vacancy_search_list&query=Python%20junior,HeadHunter
315,Senior Software Developer С++,NaN,NaN,NaN,https://saratov.hh.ru/vacancy/50693541?from=vacancy_search_list&hhtmFrom=vacancy_search_list&query=Python%20junior,HeadHunter
316,Senior Analytical Consultant (Forecasting),NaN,NaN,NaN,https://saratov.hh.ru/vacancy/51999471?from=vacancy_search_list&hhtmFrom=vacancy_search_list&query=Python%20junior,HeadHunter
317,Android разработчик в Инвестиционный Бизнес,NaN,NaN,NaN,https://saratov.hh.ru/vacancy/51931835?from=vacancy_search_list&hhtmFrom=vacancy_search_list&query=Python%20junior,HeadHunter
318,Devops инженер(junior/middle/senior),NaN,NaN,NaN,https://saratov.hh.ru/vacancy/51927878?from=vacancy_search_list&hhtmFrom=vacancy_search_list&query=Python%20junior,HeadHunter
319,Senior Analytical Consultant (Pricing),NaN,NaN,NaN,https://saratov.hh.ru/vacancy/51999280?from=vacancy_search_list&hhtmFrom=vacancy_search_list&query=Python%20junior,HeadHunter
320,Младший специалист по анализу репутации,NaN,NaN,NaN,https://saratov.hh.ru/vacancy/50224670?from=vacancy_search_list&hhtmFrom=vacancy_search_list&query=Python%20junior,HeadHunter
321,Web Developer,NaN,NaN,NaN,https://saratov.hh.ru/vacancy/51681158?from=vacancy_search_list&hhtmFrom=vacancy_search_list&query=Python%20junior,HeadHunter
322,IT Analytics Platform Architect,NaN,NaN,NaN,https://saratov.hh.ru/vacancy/51997529?from=vacancy_search_list&hhtmFrom=vacancy_search_list&query=Python%20junior,HeadHunter
323,Data Analyst / Аналитик данных,80000,140000,руб.,https://saratov.hh.ru/vacancy/51693860?from=vacancy_search_list&hhtmFrom=vacancy_search_list&query=Python%20junior,HeadHunter
324,SysAdmin & Junior DevOps Engineer,NaN,NaN,NaN,https://saratov.hh.ru/vacancy/51731949?from=vacancy_search_list&hhtmFrom=vacancy_search_list&query=Python%20junior,HeadHunter
325,Сетевой инженер (Junior),60000,120000,руб.,https://saratov.hh.ru/vacancy/51667020?from=vacancy_search_list&hhtmFrom=vacancy_search_list&query=Python%20junior,HeadHunter
326,Сетевой инженер (стажер),NaN,NaN,NaN,https://saratov.hh.ru/vacancy/51666926?from=vacancy_search_list&hhtmFrom=vacancy_search_list&query=Python%20junior,HeadHunter
327,ML-Engineer,NaN,NaN,NaN,https://saratov.hh.ru/vacancy/51641821?from=vacancy_search_list&hhtmFrom=vacancy_search_list&query=Python%20junior,HeadHunter
328,Программист,1000,NaN,USD,https://saratov.hh.ru/vacancy/51715117?from=vacancy_search_list&hhtmFrom=vacancy_search_list&query=Python%20junior,HeadHunter
329,Senior NodeJS Developer,NaN,NaN,NaN,https://saratov.hh.ru/vacancy/48810693?from=vacancy_search_list&hhtmFrom=vacancy_search_list&query=Python%20junior,HeadHunter
330,Junior Quantitative Trader,NaN,NaN,NaN,https://saratov.hh.ru/vacancy/49809301?from=vacancy_search_list&hhtmFrom=vacancy_search_list&query=Python%20junior,HeadHunter
331,Ведущий разработчик С++/Qt,NaN,NaN,NaN,https://saratov.hh.ru/vacancy/51715363?from=vacancy_search_list&hhtmFrom=vacancy_search_list&query=Python%20junior,HeadHunter
332,Программист PHP / Backend-разработчик,NaN,NaN,NaN,https://saratov.hh.ru/vacancy/47071009?from=vacancy_search_list&hhtmFrom=vacancy_search_list&query=Python%20junior,HeadHunter
333,Junior - PHP разработчик,NaN,NaN,NaN,https://saratov.hh.ru/vacancy/51618882?from=vacancy_search_list&hhtmFrom=vacancy_search_list&query=Python%20junior,HeadHunter
334,Junior PHP разработчик,NaN,NaN,NaN,https://saratov.hh.ru/vacancy/51618780?from=vacancy_search_list&hhtmFrom=vacancy_search_list&query=Python%20junior,HeadHunter
335,Senior Python developer,NaN,6500,USD,https://saratov.hh.ru/vacancy/51592146?from=vacancy_search_list&hhtmFrom=vacancy_search_list&query=Python%20junior,HeadHunter
336,Системный администратор,NaN,NaN,NaN,https://saratov.hh.ru/vacancy/51733070?from=vacancy_search_list&hhtmFrom=vacancy_search_list&query=Python%20junior,HeadHunter
337,Senior Python developer,NaN,6500,USD,https://saratov.hh.ru/vacancy/51592145?from=vacancy_search_list&hhtmFrom=vacancy_search_list&query=Python%20junior,HeadHunter
338,Hardware Support Engineer,1500,NaN,руб.,https://saratov.hh.ru/vacancy/51707096?from=vacancy_search_list&hhtmFrom=vacancy_search_list&query=Python%20junior,HeadHunter
339,Системный администратор (IP телефонии),NaN,NaN,NaN,https://saratov.hh.ru/vacancy/51801207?from=vacancy_search_list&hhtmFrom=vacancy_search_list&query=Python%20junior,HeadHunter
